{"children_left": [1, 2, 3, 4, 5, -1, -1, 8, -1, -1, 11, 12, -1, -1, 15, -1, -1, 18, 19, 20, -1, -1, 23, -1, -1, 26, 27, -1, -1, 30, -1, -1, 33, 34, 35, 36, -1, -1, 39, -1, -1, 42, 43, -1, -1, 46, -1, -1, 49, 50, 51, -1, -1, 54, -1, -1, 57, 58, -1, -1, 61, -1, -1], "children_right": [32, 17, 10, 7, 6, -1, -1, 9, -1, -1, 14, 13, -1, -1, 16, -1, -1, 25, 22, 21, -1, -1, 24, -1, -1, 29, 28, -1, -1, 31, -1, -1, 48, 41, 38, 37, -1, -1, 40, -1, -1, 45, 44, -1, -1, 47, -1, -1, 56, 53, 52, -1, -1, 55, -1, -1, 60, 59, -1, -1, 62, -1, -1], "feature": [0, 1, 1, 1, 1, -2, -2, 0, -2, -2, 0, 0, -2, -2, 0, -2, -2, 0, 0, 1, -2, -2, 1, -2, -2, 0, 1, -2, -2, 1, -2, -2, 0, 1, 1, 1, -2, -2, 0, -2, -2, 0, 1, -2, -2, 0, -2, -2, 1, 1, 0, -2, -2, 0, -2, -2, 0, 1, -2, -2, 7, -2, -2], "threshold": [4454.5, 2658.0, 1417.0, 667.5, 337.0, -2.0, -2.0, 2036.0, -2.0, -2.0, 2186.0, 1449.5, -2.0, -2.0, 2902.5, -2.0, -2.0, 2146.0, 1213.5, 3766.5, -2.0, -2.0, 3681.5, -2.0, -2.0, 3340.5, 3758.0, -2.0, -2.0, 3719.5, -2.0, -2.0, 16630.0, 2443.0, 1329.0, 705.0, -2.0, -2.0, 8192.0, -2.0, -2.0, 7293.0, 3932.0, -2.0, -2.0, 10712.0, -2.0, -2.0, 2398.5, 1177.5, 36125.0, -2.0, -2.0, 37415.69921875, -2.0, -2.0, 32773.0, 3736.0, -2.0, -2.0, 189.68384552001953, -2.0, -2.0], "value": [0.12021905243235313, 1.1191356148531477, 0.554332736145258, 0.3058486667582647, 0.17151031872098874, 0.09804155832374013, 0.22890778778133916, 0.4236530642678759, 0.6472217944702479, 0.3313094583147221, 0.8636700470147805, 1.252376279836206, 1.5994438469429408, 1.1238327364633411, 0.6278974139919485, 0.78054309799787, 0.5639992206871439, 1.6478872459839375, 2.60924192955609, 3.5074198684107425, 2.812554098598069, 3.970663714952526, 2.3846974448424265, 1.963923722930721, 2.6112679104871903, 1.1972522380594923, 1.4222940357799323, 1.1776539775956085, 1.6288789738022513, 0.9546747158413542, 0.8261588600410542, 1.1010399960583637, 0.08359184347905564, 0.2731626580870997, 0.13723748619940027, 0.07258869135825512, 0.037911463100465795, 0.11100039035149864, 0.20753022344731242, 0.30339819134088214, 0.1634827787394558, 0.39815678468313076, 0.6601056593313014, 0.5439880041061453, 0.7909048571711317, 0.32615003607999266, 0.4187865089217648, 0.2770948129615089, 0.054580216303861215, 0.02638663065955159, 0.012940084388507286, 0.024062826686174488, 0.009814008395373457, 0.03858979755877674, 0.07001132825171863, 0.02857939839996332, 0.08012722022810578, 0.15437216489520775, 0.1263112826139565, 0.18539259335456001, 0.06260619344370634, 0.06139083760803455, 0.7553590197767748]}